City,Lat,Lng,Max Temp,Humidity,Cloudiness,Wind Speed,Country,Date
Ushuaia,-54.8,-68.3,38.86,81,40,26.46,AR,1655896174
Puerto Ayora,-0.7393,-90.3518,70.56,87,83,3.0,EC,1655896239
Albany,42.6001,-73.9662,63.63,91,79,3.0,US,1655896180
Province of Mantua,45.1667,10.7833,84.09,66,100,1.99,IT,1655896654
Esperance,-33.8667,121.9,62.96,65,2,9.73,AU,1655896655
Tiksi,71.6872,128.8694,37.78,70,33,4.05,RU,1655896655
Busselton,-33.65,115.3333,62.51,80,39,10.89,AU,1655896656
Puerto Madero,14.7208,-92.4215,75.4,100,40,0.0,MX,1655896656
Zeya,53.75,127.2667,62.76,85,96,2.68,RU,1655896657
East London,-33.0153,27.9116,71.33,68,83,19.46,ZA,1655896212
Kapaa,22.0752,-159.319,75.11,91,100,11.5,US,1655896178
George Town,5.4112,100.3354,85.95,76,20,3.44,MY,1655896271
Port Lincoln,-34.7333,135.8667,56.34,80,100,11.45,AU,1655896275
Lorengau,-2.0226,147.2712,81.05,77,77,4.81,PG,1655896357
Birin,26.8865,88.0718,70.68,85,74,2.39,NP,1655896661
Bredasdorp,-34.5322,20.0403,69.03,54,97,4.21,ZA,1655896206
Ciudad Bolivar,8.1222,-63.5497,75.51,90,97,6.04,VE,1655896662
Port Elizabeth,-33.918,25.5701,68.09,84,100,3.0,ZA,1655896098
Bluff,-46.6,168.3333,31.8,85,29,7.23,NZ,1655896662
Hermanus,-34.4187,19.2345,70.81,61,98,3.36,ZA,1655896180
Atuona,-9.8,-139.0333,77.31,67,52,24.32,PF,1655895947
Lufilufi,-13.8745,-171.5986,80.76,69,12,8.25,WS,1655896380
Mar del Plata,-38.0023,-57.5575,45.09,62,60,5.99,AR,1655896207
Saint Anthony,45.0205,-93.218,67.93,73,0,6.91,US,1655896173
Kununurra,-15.7667,128.7333,78.78,27,3,4.61,AU,1655896188
Saldanha,-33.0117,17.9442,63.55,70,55,5.64,ZA,1655896666
Bengkulu,-3.8004,102.2655,79.9,79,80,1.86,ID,1655896238
Huánuco,-9.9329,-76.2415,52.43,90,98,1.9,PE,1655896666
Saint George,37.1041,-113.5841,75.79,17,0,4.61,US,1655896161
Thompson,55.7435,-97.8558,47.08,69,3,3.98,CA,1655896200
Venado Tuerto,-33.7456,-61.9688,39.76,80,82,9.86,AR,1655896667
San Marcos,33.1434,-117.1661,69.84,88,0,0.0,US,1655896668
Yellowknife,62.456,-114.3525,57.56,58,5,15.99,CA,1655896206
Provideniya,64.3833,-173.3,41.77,99,100,9.93,RU,1655896250
Rikitea,-23.1203,-134.9692,73.4,67,8,10.65,PF,1655896174
Chokurdakh,70.6333,147.9167,49.78,88,100,11.81,RU,1655896396
New Norfolk,-42.7826,147.0587,46.71,86,61,3.06,AU,1655896007
Kokoda,-8.8785,147.7407,74.12,95,81,0.34,PG,1655896674
Faanui,-16.4833,-151.75,79.95,70,37,11.14,PF,1655896257
Marawi,7.9986,124.2928,70.16,95,86,1.28,PH,1655896675
Souillac,-20.5167,57.5167,72.48,69,28,14.52,MU,1655896374
Auki,-8.7676,160.7034,77.16,88,10,5.14,SB,1655896676
Buala,-8.145,159.5921,80.37,83,16,6.73,SB,1655896537
Lang Suan,9.9456,99.0785,80.35,82,95,5.41,TH,1655896678
Northam,51.0333,-4.2167,68.32,65,67,6.98,GB,1655896678
Vaini,-21.2,-175.2,71.76,78,20,9.22,TO,1655895926
Yulara,-25.2406,130.9889,60.01,42,0,8.9,AU,1655896301
Chui,-33.6971,-53.4616,51.66,72,100,15.59,UY,1655896184
Kumluca,36.3703,30.2869,87.01,42,0,8.14,TR,1655896679
Saskylakh,71.9167,114.0833,54.91,36,25,6.49,RU,1655896401
Mataura,-46.1927,168.8643,32.49,93,12,2.77,NZ,1655896175
Kaitangata,-46.2817,169.8464,35.22,85,1,4.27,NZ,1655896184
Barrow,71.2906,-156.7887,42.82,93,100,9.22,US,1655895946
Bilibino,68.0546,166.4372,50.31,46,10,5.53,RU,1655896245
Forest Grove,45.5198,-123.1107,60.17,81,0,5.75,US,1655896528
Clyde River,70.4692,-68.5914,41.23,81,0,8.05,CA,1655896683
Los Llanos de Aridane,28.6585,-17.9182,67.75,87,75,6.91,ES,1655896684
Hilo,19.7297,-155.09,75.27,92,75,4.0,US,1655896235
Saravan,39.7196,45.6483,75.15,34,22,7.9,AM,1655896422
Vardø,70.3705,31.1107,46.38,93,75,12.66,NO,1655896499
Wanning,18.8003,110.3967,83.5,84,92,10.47,CN,1655896476
Port Alfred,-33.5906,26.891,68.18,76,100,3.0,ZA,1655896187
Bilma,18.6853,12.9164,104.0,9,8,4.0,NE,1655896688
Pisco,-13.7,-76.2167,60.85,82,100,4.61,PE,1655896523
Luwuk,-0.9516,122.7875,76.75,92,100,6.08,ID,1655896689
Avarua,-21.2078,-159.775,78.85,89,20,10.36,CK,1655896257
Whitehorse,60.7161,-135.0538,50.81,75,41,3.0,CA,1655896333
Ulcinj,41.9294,19.2244,88.02,59,33,7.49,ME,1655896690
Ilulissat,69.2167,-51.1,35.62,93,75,5.75,GL,1655896049
Urengoy,65.9667,78.3667,79.75,46,75,9.55,RU,1655896695
Tyazhinskiy,56.116,88.524,69.67,84,91,10.85,RU,1655896695
Buraidah,26.326,43.975,104.45,7,15,7.49,SA,1655896696
Codrington,-38.2667,141.9667,53.31,90,100,11.16,AU,1655896272
Cape Town,-33.9258,18.4232,73.11,63,32,4.0,ZA,1655896204
Grindavik,63.8424,-22.4338,46.87,76,75,19.57,IS,1655896101
Chikwawa,-16.0335,34.8009,78.01,45,46,9.82,MW,1655896698
Navolato,24.7672,-107.6944,79.65,81,79,3.42,MX,1655896698
Laguna,38.421,-121.4238,77.31,51,0,4.61,US,1655896382
Kuusamo,65.9667,29.1833,57.24,82,0,11.5,FI,1655896699
Blackwater,-23.5833,148.8833,60.66,53,0,7.34,AU,1655896700
Sørland,67.667,12.6934,49.86,68,100,14.18,NO,1655896703
Vostok,46.4856,135.8833,57.43,99,100,4.54,RU,1655896704
Severo-Kuril'sk,50.6789,156.125,44.4,95,58,12.19,RU,1655896426
Butaritari,3.0707,172.7902,82.49,74,53,9.64,KI,1655896073
Jamestown,42.097,-79.2353,78.39,82,0,8.05,US,1655896260
Kodino,63.7198,39.6447,59.52,50,96,5.39,RU,1655896707
Hobart,-42.8794,147.3294,47.05,90,75,6.91,AU,1655895900
Clonakilty,51.6231,-8.8706,67.21,71,85,2.71,IE,1655896707
Kyaikkami,16.08,97.5675,83.03,72,86,4.27,MM,1655896708
Port Hawkesbury,45.6169,-61.3485,58.59,99,100,5.75,CA,1655896708
Bambous Virieux,-20.3428,57.7575,77.22,63,17,13.22,MU,1655896020
Tuktoyaktuk,69.4541,-133.0374,43.32,62,92,8.88,CA,1655896209
Calama,-22.4667,-68.9333,36.09,35,0,12.66,CL,1655896709
Lagos,6.5833,3.75,73.49,98,100,4.41,NG,1655896464
Yebaishou,41.3975,119.6408,68.45,97,100,4.21,CN,1655896713
Karla,59.3723,24.9275,70.14,55,0,9.22,EE,1655896713
Punta Arenas,-53.15,-70.9167,35.71,80,0,14.97,CL,1655896183
Shubarkuduk,49.1447,56.4872,93.33,19,100,12.39,KZ,1655896714
Geraldton,-28.7667,114.6,64.81,82,0,4.61,AU,1655896141
Longyearbyen,78.2186,15.6401,48.04,57,40,17.27,SJ,1655896212
Castro,-24.7911,-50.0119,60.8,82,38,6.98,BR,1655896227
Cabo San Lucas,22.8909,-109.9124,81.7,81,19,12.03,MX,1655896465
Acapulco de Juárez,16.8634,-99.8901,75.02,94,100,12.66,MX,1655896279
Qaanaaq,77.484,-69.3632,36.25,66,56,1.9,GL,1655896181
Caluquembe,-13.7833,14.6833,74.91,14,0,10.27,AO,1655896715
Hithadhoo,-0.6,73.0833,83.82,71,28,7.52,MV,1655896106
Dunedin,-45.8742,170.5036,39.79,72,1,3.67,NZ,1655896451
Coahuayana Viejo,18.7333,-103.6833,76.3,92,96,2.84,MX,1655896716
Bodden Town,19.2833,-81.25,80.92,85,20,10.36,KY,1655896716
Margate,51.3813,1.3862,72.1,69,0,5.99,GB,1655896717
Ribeira Grande,38.5167,-28.7,66.6,82,40,13.8,PT,1655896287
Naryan-Mar,67.6713,53.087,49.44,66,100,15.88,RU,1655896718
Salalah,17.0151,54.0924,86.09,79,75,19.57,OM,1655896233
Upernavik,72.7868,-56.1549,34.09,99,100,10.38,GL,1655896231
Kosmynino,57.5818,40.7643,69.28,50,50,10.11,RU,1655896721
‘Ewa Beach,21.3156,-158.0072,76.95,78,0,8.99,US,1655896251
Sivaki,52.6333,126.75,62.19,92,99,2.01,RU,1655896722
Havøysund,70.9963,24.6622,44.83,88,100,8.25,NO,1655896723
Laas,46.6166,10.7002,61.7,92,98,4.59,IT,1655896498
Ponta Delgada,37.7333,-25.6667,67.5,77,20,17.27,PT,1655896394
Fairbanks,64.8378,-147.7164,55.36,83,40,5.75,US,1655896341
Iqaluit,63.7506,-68.5145,38.7,68,0,2.93,CA,1655896171
Penzance,50.1186,-5.5371,74.52,49,0,8.05,GB,1655896724
Osmanabad,18.1667,76.05,85.17,51,85,1.99,IN,1655896672
Riberalta,-10.9833,-66.1,70.0,100,75,0.0,BO,1655896730
Okhotsk,59.3833,143.3,47.62,92,97,7.9,RU,1655896474
Saint Paul Harbor,57.79,-152.4072,60.31,59,0,10.36,US,1655895999
Pevek,69.7008,170.3133,34.9,62,19,5.91,RU,1655896358
Coyhaique,-45.5752,-72.0662,15.75,86,0,0.0,CL,1655896418
Novyy Svit,47.8059,38.0211,77.25,37,64,11.83,UA,1655896731
Cabedelo,-6.9811,-34.8339,75.87,87,99,10.29,BR,1655896732
Heze,35.2431,115.4411,97.63,39,97,13.51,CN,1655896732
Kulhudhuffushi,6.6221,73.07,83.16,77,100,14.16,MV,1655896732
Teguise,29.0605,-13.564,71.82,53,20,16.11,ES,1655896733
Nishihara,26.1842,127.7558,83.68,86,20,10.36,JP,1655896445
Hofn,64.2539,-15.2082,53.62,66,40,21.85,IS,1655896196
Nikolskoye,59.7035,30.7861,67.91,34,9,6.76,RU,1655896447
Hasaki,35.7333,140.8333,70.29,91,68,6.38,JP,1655896186
Port Hueneme,34.1478,-119.1951,67.51,92,100,3.44,US,1655896734
Tagusao,9.1924,117.8141,82.06,77,99,3.31,PH,1655896734
Maragogi,-9.0122,-35.2225,76.06,88,100,13.27,BR,1655896469
Kiryat Gat,31.61,34.7642,84.78,16,23,15.05,IL,1655896735
Stromness,58.965,-3.296,55.36,85,100,15.01,GB,1655896735
Torbay,47.6666,-52.7314,58.87,90,100,1.01,CA,1655896077
Saint-Philippe,-21.3585,55.7679,74.79,62,7,8.81,RE,1655895963
Kirakira,-10.4544,161.9205,79.86,83,51,7.61,SB,1655896737
Grodków,50.6984,17.3845,70.14,41,22,3.49,PL,1655896737
Huarmey,-10.0681,-78.1522,60.98,86,93,5.48,PE,1655896738
Lavrentiya,65.5833,-171.0,40.28,98,94,7.85,RU,1655896515
Tasiilaq,65.6145,-37.6368,41.16,81,100,5.64,GL,1655896232
Novyy Urgal,51.0736,132.5642,63.43,92,81,5.79,RU,1655896741
Prince Rupert,54.3161,-130.3201,49.69,91,100,8.05,CA,1655896742
Santa Barbara,34.7333,-120.0343,53.69,71,0,0.0,US,1655896742
Mehamn,71.0357,27.8492,44.55,93,100,9.22,NO,1655896314
Port Hope,43.9408,-82.7127,77.07,69,96,9.22,US,1655896742
Pangkalanbuun,-2.6833,111.6167,74.93,97,95,2.95,ID,1655896742
Katsuura,35.1333,140.3,71.62,93,90,7.47,JP,1655896186
Dvinskoy Bereznik,62.8551,42.7072,66.06,41,72,8.52,RU,1655896743
Henties Bay,-22.116,14.2845,61.7,58,0,9.86,NA,1655896744
Narsaq,60.9167,-46.05,44.82,72,6,3.22,GL,1655896083
Tainan City,22.9908,120.2133,86.88,74,75,4.61,TW,1655896744
Lompoc,34.6391,-120.4579,57.34,100,75,0.0,US,1655896217
Kaeo,-35.1,173.7833,47.05,87,65,3.67,NZ,1655896232
Port-Gentil,-0.7193,8.7815,78.76,65,20,18.41,GA,1655896748
Lebu,-37.6167,-73.65,46.78,76,100,5.12,CL,1655896193
Itoman,26.1247,127.6694,84.4,87,20,10.36,JP,1655896414
Hatillo,18.4863,-66.8254,79.84,75,32,3.0,PR,1655896749
São Luiz Gonzaga,-28.4083,-54.9608,60.33,98,74,1.1,BR,1655896749
Atambua,-9.1061,124.8925,72.95,74,97,9.4,ID,1655896362
Kahului,20.8947,-156.47,77.85,74,40,11.5,US,1655896270
Nezhinka,51.7676,55.3694,91.56,31,0,11.18,RU,1655896750
Lakes Entrance,-37.8811,147.981,47.16,74,61,7.16,AU,1655896270
Dolinsk,47.35,142.8,49.86,94,99,5.91,RU,1655896228
Aksu,41.1231,80.2644,92.3,14,90,2.42,CN,1655896753
Malumfashi,11.7853,7.6218,87.6,42,70,5.59,NG,1655896753
Nouakchott,18.0858,-15.9785,89.53,68,59,11.1,MR,1655896569
Fare,-16.7,-151.0167,79.7,75,17,16.04,PF,1655896753
Samarai,-10.6167,150.6667,79.93,82,96,14.92,PG,1655896754
Meulaboh,4.1363,96.1285,81.54,77,98,3.89,ID,1655896754
Orlik,52.5178,99.825,63.95,52,75,6.55,RU,1655896252
Coquimbo,-29.9533,-71.3436,56.93,62,100,16.11,CL,1655896056
Danjiangkou,32.5428,111.5086,92.48,59,27,11.05,CN,1655896755
Carnarvon,-24.8667,113.6333,71.85,55,0,8.05,AU,1655896267
Yenagoa,4.9247,6.2642,76.96,89,99,6.2,NG,1655896757
Lata,40.1629,-8.3327,65.07,70,96,6.44,PT,1655896424
Madingou,-4.1536,13.55,83.71,52,47,4.54,CG,1655896759
Partūr,19.6,76.2167,91.44,44,53,4.9,IN,1655896759
Palma de Mallorca,39.5694,2.6502,86.54,68,40,16.11,ES,1655896489
Mount Isa,-20.7333,139.5,65.97,39,0,6.91,AU,1655896760
College,64.8569,-147.8028,55.35,83,75,5.75,US,1655896760
Sitka,57.0531,-135.33,48.09,87,100,0.0,US,1655896231
Puerto Colombia,10.9878,-74.9547,78.89,88,72,11.5,CO,1655896761
Kambove,-10.8764,26.5969,72.55,34,16,6.26,CD,1655896761
Kruisfontein,-34.0033,24.7314,65.88,55,99,5.59,ZA,1655896222
Xam Nua,20.4197,104.0439,76.44,78,99,1.92,LA,1655896762
Arraial do Cabo,-22.9661,-42.0278,71.46,88,0,11.5,BR,1655896200
Mandalgovi,45.7625,106.2708,78.46,20,61,17.63,MN,1655896496
Ludwigshafen am Rhein,49.4811,8.4353,83.41,43,0,5.75,DE,1655896753
Nanzhang,31.7765,111.8386,88.47,73,49,11.79,CN,1655896763
Kingori,-3.2833,36.9833,76.41,42,65,7.81,TZ,1655896763
Artyom,40.4723,50.333,91.54,54,0,11.43,AZ,1655896764
Bintulu,3.1667,113.0333,82.81,83,40,2.3,MY,1655896764
Aklavik,68.2191,-135.0107,52.11,58,83,7.16,CA,1655896294
Pervomayskoye,43.919,46.7102,92.73,27,21,12.86,RU,1655896765
Zhangjiakou,40.81,114.8794,68.11,88,97,2.51,CN,1655896468
Goedereede,51.8175,3.9806,76.98,65,9,12.75,NL,1655896766
Porbandar,21.6422,69.6093,94.98,55,40,12.66,IN,1655896766
Trenggalek,-8.05,111.7167,75.78,92,96,3.36,ID,1655896645
Whitecourt,54.1502,-115.6855,49.42,97,94,3.31,CA,1655896766
Havelock,34.8791,-76.9013,75.94,86,50,1.97,US,1655896064
Dikson,73.5069,80.5464,38.55,88,94,14.72,RU,1655896378
San Andrés,12.5847,-81.7006,82.42,78,75,13.8,CO,1655896537
Morehead,37.2711,-87.1764,70.99,99,0,0.0,US,1655896494
Mahébourg,-20.4081,57.7,77.25,65,21,13.69,MU,1655896298
Portland,45.5234,-122.6762,62.26,85,0,1.01,US,1655896245
Byron Bay,-28.65,153.6167,54.95,78,3,3.85,AU,1655896348
Bataiporã,-22.2953,-53.2711,65.84,70,65,4.9,BR,1655896768
Birjand,32.8663,59.2211,89.78,10,0,8.79,IR,1655896771
Catalina,32.5056,-110.9211,75.07,59,63,2.48,US,1655896771
Kampong Thom,12.7111,104.8887,86.94,71,92,3.29,KH,1655896772
Hambantota,6.1241,81.1185,85.75,64,100,22.84,LK,1655896340
Santa Cruz de la Sierra,-17.8,-63.1667,71.65,78,40,6.91,BO,1655896772
Wuwei,37.9281,102.6414,82.36,26,3,9.17,CN,1655896772
Xilópolis,40.9271,23.1794,92.95,24,73,8.81,GR,1655896773
Pio IX,-6.8375,-40.5792,71.64,58,51,12.26,BR,1655896773
Sarh,9.1429,18.3923,93.65,39,71,3.91,TD,1655896774
Egvekinot,66.3167,-179.1667,36.01,97,100,0.83,RU,1655896774
Padang,-0.9492,100.3543,80.65,84,69,1.63,ID,1655896501
Daru,-9.0763,143.2092,78.06,90,100,17.45,PG,1655896392
Opunake,-39.4556,173.8583,46.85,80,81,6.15,NZ,1655896775
Nome,64.5011,-165.4064,44.67,93,100,21.85,US,1655896201
Chicama,-7.8447,-79.1469,59.54,89,79,4.0,PE,1655896777
San Luis,-33.295,-66.3356,36.21,75,94,12.39,AR,1655896778
Stann Creek Town,16.9692,-88.2321,79.11,81,100,7.11,BZ,1655896778
Hong Kong,22.2855,114.1577,87.39,77,97,8.99,HK,1655896088
Atbasar,51.8,68.3333,77.59,37,0,19.3,KZ,1655896779
Xining,36.6167,101.7667,71.28,51,31,17.78,CN,1655896779
Touros,-5.1989,-35.4608,74.39,94,100,13.65,BR,1655896779
Comodoro Rivadavia,-45.8667,-67.5,28.26,74,0,6.91,AR,1655896287
Gold Coast,-28.0,153.4333,58.77,90,4,3.44,AU,1655896494
Biltine,14.5333,20.9167,97.81,22,5,4.41,TD,1655896780
Luyang,27.6239,110.0989,81.5,75,23,10.29,CN,1655896780
Ponta do Sol,32.6667,-17.1,71.13,62,46,6.69,PT,1655896396
Arrondissement de Pontarlier,46.8333,6.25,68.14,96,100,4.83,FR,1655896781
Kizema,61.113,44.8302,58.15,80,86,6.58,RU,1655896781
Vinh,18.6667,105.6667,86.88,75,98,10.2,VN,1655896661
Mongomo,1.6274,11.3135,83.41,55,71,2.3,GQ,1655896781
Garden City,42.3256,-83.331,80.85,72,75,6.91,US,1655896782
Jumla,29.2747,82.1838,68.86,70,79,5.3,NP,1655896474
Seoul,37.5683,126.9778,81.79,78,0,6.91,KR,1655896733
Port Hardy,50.6996,-127.4199,50.18,87,75,6.91,CA,1655896214
Arlit,18.7369,7.3853,103.91,15,2,6.35,NE,1655896782
Fort Saint James,54.4333,-124.25,41.7,90,2,3.44,CA,1655896783
Bandundu Province,-3.3167,17.3667,94.46,38,56,1.77,CD,1655896783
Omboué,-1.5746,9.2618,78.46,63,8,10.54,GA,1655896189
Waingapu,-9.6567,120.2641,78.33,76,1,14.45,ID,1655896536
Nanortalik,60.1432,-45.2371,38.43,85,79,17.72,GL,1655896234
Chachapoyas,-6.2317,-77.869,49.35,94,76,3.56,PE,1655896784
Ginir,7.1333,40.7,75.13,43,87,9.1,ET,1655896785
Richards Bay,-28.783,32.0377,72.0,60,74,11.77,ZA,1655896415
Brejo,-3.6844,-42.7503,74.97,88,98,3.76,BR,1655896786
Ketchikan,55.3422,-131.6461,46.87,93,100,3.44,US,1655896786
Naze,28.3667,129.4833,77.16,90,2,7.87,JP,1655896484
Pryazha,61.6926,33.6216,61.83,38,14,3.36,RU,1655896786
Broome,42.2506,-75.833,66.54,86,75,6.91,US,1655896448
Vila Franca do Campo,37.7167,-25.4333,67.19,73,54,9.64,PT,1655896167
Kashgar,39.4547,75.9797,72.61,49,75,13.42,CN,1655896791
Eureka,40.8021,-124.1637,50.61,79,1,5.23,US,1655896359
Sinsheim,49.2529,8.8787,75.36,57,92,5.66,DE,1655896793
Charagua,-19.8,-63.2167,63.97,76,73,5.5,BO,1655896308
Kuito,-12.3833,16.9333,77.7,27,1,4.65,AO,1655896794
Panguna,-6.3164,155.4848,68.43,97,81,1.86,PG,1655896794
Baryatino,54.3121,34.521,53.92,95,100,12.55,RU,1655896794
Taoudenni,22.6783,-3.9836,105.39,19,0,15.41,ML,1655896403
Flinders,-34.5833,150.8552,54.05,77,2,4.0,AU,1655896797
Nuuk,64.1835,-51.7216,34.41,93,100,5.01,GL,1655896798
Tuatapere,-46.1333,167.6833,38.05,83,74,4.59,NZ,1655896269
Edd,13.9297,41.6925,97.34,44,49,21.5,ER,1655896798
Nexø,55.0607,15.1306,62.69,77,57,13.11,DK,1655896799
Susanville,40.4163,-120.653,56.1,33,0,2.95,US,1655896799
Ames,42.0347,-93.6199,66.92,68,0,6.91,US,1655896799
Mackay,-21.15,149.2,60.67,67,53,12.68,AU,1655896800
Cartagena,10.3997,-75.5144,78.42,94,75,2.3,CO,1655896535
Amapá,1.0,-52.0,72.19,96,58,0.78,BR,1655896800
Ekibastuz,51.6667,75.3667,83.79,23,1,19.08,KZ,1655896801
Carutapera,-1.195,-46.02,73.27,95,97,4.18,BR,1655896473
Avera,33.194,-82.5271,63.91,62,8,3.51,US,1655896259
Severodvinsk,64.5635,39.8302,55.51,66,78,7.36,RU,1655896802
Batticaloa,7.7102,81.6924,85.51,69,100,7.14,LK,1655896802
Merritt Island,28.5392,-80.672,80.01,82,40,5.75,US,1655896802
Crotone,39.0851,17.1178,98.19,29,0,8.05,IT,1655896803
Tessalit,20.1986,1.0114,104.81,11,18,3.0,ML,1655896803
Alta Floresta,-9.8756,-56.0861,65.89,65,46,2.98,BR,1655896803
Porto Murtinho,-21.6989,-57.8825,72.72,56,14,8.41,BR,1655896803
Mount Gambier,-37.8333,140.7667,53.51,100,75,10.36,AU,1655896804
Bila Krynytsya,50.6398,29.4704,64.33,58,85,11.3,UA,1655896805
Clyde,41.3042,-82.9752,76.91,93,43,10.69,US,1655896805
Beringovskiy,63.05,179.3167,46.06,88,100,2.93,RU,1655896309
Kiama,-34.6833,150.8667,54.25,76,3,5.99,AU,1655896573
Micheweni,-4.9667,39.8333,79.21,71,22,18.77,TZ,1655896807
Qui Nhon,13.7667,109.2333,83.64,79,99,9.82,VN,1655896382
Port Macquarie,-31.4333,152.9167,49.89,68,0,6.98,AU,1655896180
Najrān,17.4924,44.1277,104.65,6,93,16.71,SA,1655896807
Safi,32.2994,-9.2372,68.77,62,2,12.66,MA,1655896808
Quatre Cocos,-20.2078,57.7625,77.09,61,12,12.77,MU,1655896370
High Level,58.5169,-117.136,51.91,100,100,2.3,CA,1655896809
Khatanga,71.9667,102.5,57.97,44,98,11.7,RU,1655896353
Sayyan,15.1718,44.3244,81.16,16,98,6.89,YE,1655896809
Bonavista,48.6499,-53.1147,49.37,92,95,3.69,CA,1655896247
Cabadiangan,9.7531,122.4739,79.93,85,100,4.0,PH,1655896810
Fort Nelson,58.8053,-122.7002,51.49,94,100,5.41,CA,1655896364
Abdulino,53.7,53.6667,73.45,71,99,5.64,RU,1655896811
Vao,-22.6667,167.4833,71.11,62,81,13.67,NC,1655896301
Bonthe,7.5264,-12.505,80.78,75,91,5.5,SL,1655896812
Port Augusta,-32.5,137.7667,57.4,66,98,6.35,AU,1655896815
Nemuro,43.3236,145.575,49.89,92,71,5.68,JP,1655896307
Natal,-5.795,-35.2094,75.42,94,100,9.22,BR,1655896815
Santiago del Estero,-27.7951,-64.2615,51.48,50,100,8.75,AR,1655896816
San Cristobal,7.7669,-72.225,64.58,95,66,3.31,VE,1655896479
Polovinnoye,54.7914,65.9864,69.21,61,22,21.97,RU,1655896816
Klaksvík,62.2266,-6.589,52.72,81,98,28.81,FO,1655896369
Bānsgāon,26.5586,83.3481,101.84,30,74,5.88,IN,1655896817
Guerrero Negro,27.9769,-114.0611,67.69,71,2,7.61,MX,1655896377
São João da Barra,-21.6403,-41.0511,69.89,83,0,10.04,BR,1655896472
Husavik,66.0449,-17.3389,42.98,92,83,16.6,IS,1655896818
Betlitsa,54.0095,33.9588,53.4,98,100,10.85,RU,1655896819
Miraflores,19.2167,-98.8083,56.05,87,100,3.76,MX,1655896478
Ancud,-41.8697,-73.8203,38.23,79,100,7.85,CL,1655896305
Bethel,41.3712,-73.414,63.03,94,100,6.91,US,1655896172
Sibu,2.3,111.8167,80.91,78,40,3.44,MY,1655896822
Marystown,47.1666,-55.1483,53.85,100,100,1.01,CA,1655896427
Holt,42.6406,-84.5153,77.43,71,0,5.75,US,1655896823
Buchanan,5.8808,-10.0467,79.5,80,100,2.57,LR,1655896717
Mangaratiba,-22.9597,-44.0406,74.26,73,3,8.16,BR,1655896823
Sulur,11.0333,77.1333,84.61,65,40,14.97,IN,1655896824
Dicabisagan,17.0818,122.4157,81.32,77,75,2.75,PH,1655896451
Valparaíso,-33.0393,-71.6273,54.48,74,100,4.61,CL,1655896825
Umm Kaddadah,13.6017,26.6876,97.25,20,52,5.3,SD,1655896826
Dingle,10.9995,122.6711,79.43,84,100,3.49,PH,1655896264
Patrocínio,-18.9439,-46.9925,60.17,63,5,5.61,BR,1655896826
Russell,32.3502,-85.1999,76.01,100,0,0.0,US,1655896830
Te Anau,-45.4167,167.7167,31.35,92,77,1.07,NZ,1655896193
Alaca,40.1683,34.8425,75.96,44,0,9.19,TR,1655896831
Saint-Pierre,-21.3393,55.4781,75.9,53,0,11.5,RE,1655896236
Cockburn Town,21.4612,-71.1419,76.96,78,40,3.44,TC,1655896831
Northwich,53.2614,-2.5123,74.8,59,40,5.75,GB,1655896832
Beroroha,-21.6667,45.1667,82.58,23,0,7.18,MG,1655896832
Plettenberg Bay,-34.0527,23.3716,67.44,54,100,2.91,ZA,1655896833
Ostrovnoy,68.0531,39.5131,55.13,61,69,10.49,RU,1655896261
Riviere-au-Renard,48.9957,-64.3971,53.89,83,97,12.26,CA,1655896833
La Ronge,55.1001,-105.2842,55.62,71,20,6.91,CA,1655896833
Goldsboro,35.3849,-77.9928,68.4,70,40,5.75,US,1655896834
Kavieng,-2.5744,150.7967,81.55,77,45,6.2,PG,1655896835
Kruszwica,52.6756,18.3313,78.15,98,7,10.8,PL,1655896835
Lüderitz,-26.6481,15.1594,59.9,57,0,3.65,NA,1655896836
Srednekolymsk,67.45,153.6833,62.44,43,99,6.85,RU,1655896836
Tankāra,22.6667,70.7333,99.46,25,1,6.93,IN,1655896836
Gazli,40.1333,63.45,97.02,14,2,10.47,UZ,1655896837
Silver City,32.7701,-108.2803,60.76,94,100,6.91,US,1655896838
Isangel,-19.55,169.2667,68.97,70,58,8.21,VU,1655896838
Abū Zabad,12.35,29.25,97.77,24,27,8.48,SD,1655896839
Acajutla,13.5928,-89.8275,76.03,83,96,5.99,SV,1655896243
Excelsior Springs,39.3392,-94.2261,71.47,90,100,5.84,US,1655896842
Rafai,4.95,23.9167,93.38,37,15,0.81,CF,1655896843
Nacozari,25.3366,-108.2574,79.05,64,34,5.12,MX,1655896843
Salinópolis,-0.6136,-47.3561,73.83,94,94,9.64,BR,1655896844
Hailar,49.2,119.7,77.14,41,43,7.23,CN,1655896845
Ko Samui,9.5357,99.9357,82.31,89,20,0.0,TH,1655896821
Muisne,0.6,-80.0333,74.23,90,100,11.01,EC,1655896845
Coffs Harbour,-30.3,153.1333,58.96,72,75,8.05,AU,1655896703
Fontem,5.4685,9.8818,73.83,73,95,0.67,CM,1655896846
Alofi,-19.0595,-169.9187,76.89,94,94,6.91,NU,1655896846
São Filipe,14.8961,-24.4956,75.9,86,81,3.38,CV,1655896280
Bida,9.0833,6.0167,88.03,56,79,6.13,NG,1655896847
Kabanjahe,3.1001,98.4908,67.82,95,99,2.06,ID,1655896847
Bela Vista,-22.1089,-56.5211,67.57,63,5,6.55,BR,1655896848
Mananjary,-21.2167,48.3333,71.02,64,99,2.62,MG,1655896848
Puerto Carreño,6.189,-67.4859,73.36,91,51,1.74,CO,1655896848
Fukuechō,32.6881,128.8419,75.6,91,5,12.01,JP,1655896608
Waitati,-45.75,170.5667,39.79,75,1,2.82,NZ,1655896849
Lubango,-14.9172,13.4925,71.67,8,0,9.33,AO,1655896849
Storsteinnes,69.2408,19.2344,50.65,60,90,1.86,NO,1655896849
Kamyshevatskaya,46.4132,37.9563,75.6,49,44,18.66,RU,1655896853
Chillicothe,39.3331,-82.9824,74.64,81,0,4.61,US,1655896853
Linxia Chengguanzhen,35.6003,103.2064,72.43,55,42,5.82,CN,1655896854
Tiarei,-17.5333,-149.3333,75.0,73,18,10.49,PF,1655896854
Rozsypne,48.1497,38.5762,73.47,50,80,10.18,UA,1655896854
Hīt,33.6416,42.8251,95.13,20,0,14.09,IQ,1655896854
Sandusky,41.3501,-83.1332,78.76,94,45,10.65,US,1655896855
Yangi Marg`ilon,40.4272,71.7189,79.52,36,92,4.61,UZ,1655896859
Camocim,-2.9022,-40.8411,77.27,77,57,10.6,BR,1655896859
Havre-St-Pierre,50.2334,-63.5986,50.36,87,100,9.22,CA,1655896860
Praia da Vitória,38.7333,-27.0667,66.45,82,75,15.19,PT,1655896860
Ust-Kuyga,70.0167,135.6,43.23,85,99,14.97,RU,1655896860
Leshukonskoye,64.8989,45.7622,63.66,44,83,6.55,RU,1655896362
Neiafu,-18.65,-173.9833,77.36,76,97,14.88,TO,1655896861
Moerai,-22.4333,-151.3333,76.59,78,32,13.53,PF,1655896864
San Patricio,28.017,-97.5169,82.26,89,4,2.44,US,1655896864
Rocha,-34.4833,-54.3333,47.1,66,99,12.26,UY,1655896865
Kavaratti,10.5669,72.642,82.81,79,99,20.85,IN,1655896865
Mildura,-34.2,142.15,56.07,86,97,7.23,AU,1655896866
Cherskiy,68.75,161.3,56.84,40,87,10.54,RU,1655896866
Trelew,-43.249,-65.3051,29.55,64,0,7.11,AR,1655896866
Malatya Province,38.5,38.0,80.65,24,75,16.11,TR,1655896866
Sandpoint,48.2766,-116.5533,55.42,91,40,0.0,US,1655896867
Ayan,56.45,138.1667,47.17,95,42,10.89,RU,1655896867
Santa Comba,43.0331,-8.8093,64.38,81,88,3.56,ES,1655896868
Toora-Khem,52.4675,96.11,78.12,26,88,6.67,RU,1655896868
Eyl,7.9803,49.8164,89.44,44,100,29.08,SO,1655896868
Mariehamn,60.0973,19.9348,60.66,82,0,8.05,AX,1655896868
Chute-aux-Outardes,49.1168,-68.399,51.78,93,100,14.97,CA,1655896869
Wonthaggi,-38.6044,145.5913,52.83,86,100,12.01,AU,1655896869
Aripuanã,-9.1667,-60.6333,65.52,70,34,2.08,BR,1655896869
Mayumba,-3.432,10.6554,74.48,73,77,9.22,GA,1655896869
Chapais,49.7834,-74.8492,58.78,98,100,9.82,CA,1655896870
Mlimba,-8.8,35.8167,84.04,37,38,2.86,TZ,1655896873
Satipo,-11.2522,-74.6386,67.82,79,99,0.74,PE,1655896873
Nichinan,31.6,131.3667,80.28,88,61,6.69,JP,1655896860
Kendal,54.3268,-2.7476,68.61,65,41,7.47,GB,1655896877
Vaitape,-16.5167,-151.75,79.95,70,34,11.12,PF,1655896877
Ossora,59.2353,163.0719,47.55,95,100,5.88,RU,1655896877
Río Cauto,20.5603,-76.9161,72.82,95,38,5.23,CU,1655896877
Yinchuan,38.4681,106.2731,85.01,27,21,4.18,CN,1655896878
Tyukalinsk,55.8732,72.1967,63.9,82,77,18.97,RU,1655896878
Cayenne,4.9333,-52.3333,78.1,1,100,3.44,GF,1655896882
Olafsvik,64.8945,-23.7142,46.15,82,95,7.54,IS,1655896318
Fortuna,40.5982,-124.1573,50.34,100,0,0.0,US,1655896882
Tsimmerbude,54.675,20.1347,68.05,63,52,4.68,RU,1655896882
Coracora,-15.0333,-73.7833,39.79,47,45,2.48,PE,1655896883
General Artigas,-26.9333,-56.2167,63.61,99,99,2.51,PY,1655896883
Killybegs,54.6333,-8.45,56.91,80,91,8.9,IE,1655896883
Villazón,-22.0866,-65.5942,24.37,23,1,4.59,BO,1655896884
Miyang,24.4042,103.4428,74.73,85,100,5.68,CN,1655896884
Diadema,-23.6861,-46.6228,65.1,80,0,8.05,BR,1655896884
Bontang,0.1333,117.5,80.6,77,85,2.77,ID,1655896657
Shelburne,44.0787,-80.2041,74.35,71,39,6.31,CA,1655896885
Tual,-5.6667,132.75,82.8,77,99,20.98,ID,1655896885
Arrondissement d'Ajaccio,42.0,8.9167,76.98,69,0,9.22,FR,1655896887
Ambilobe,-13.2,49.05,81.99,48,41,1.59,MG,1655896887
Vila Velha,-20.3297,-40.2925,68.95,88,0,3.44,BR,1655896889
Khani,41.9563,42.9566,62.17,97,100,2.1,GE,1655896890
Kupang,-10.1667,123.5833,79.65,66,68,17.56,ID,1655896847
Faya,18.3851,42.4509,89.71,22,42,7.27,SA,1655896891
Alpena,45.0617,-83.4327,71.92,74,0,5.75,US,1655896894
Bay Roberts,47.5999,-53.2648,59.65,85,100,3.0,CA,1655896896
Shuyskoye,59.3736,41.0305,68.4,39,4,6.98,RU,1655896896
Ambalavao,-21.8333,46.9333,64.81,50,8,7.7,MG,1655896897
Kailua,21.4022,-157.7394,76.98,82,40,8.05,US,1655896897
Pālkonda,18.6,83.75,85.35,73,100,9.22,IN,1655896897
Ballina,-28.8667,153.5667,54.01,97,6,4.94,AU,1655896703
Kyrnasivka,48.5955,28.979,60.1,90,99,22.77,UA,1655896898
Vyartsilya,62.1764,30.693,69.33,39,47,4.21,RU,1655896898
Goderich,43.7501,-81.7165,63.21,100,67,3.13,CA,1655896898
Haines Junction,60.7522,-137.5108,49.95,87,69,1.14,CA,1655896898
San Rafael,-34.6177,-68.3301,33.55,74,100,3.65,AR,1655896899
Jasper,37.2001,-94.3502,73.45,90,0,0.0,US,1655896899
Yar-Sale,66.8333,70.8333,76.1,47,50,13.98,RU,1655896900
Argentan,48.75,-0.0167,72.14,67,100,3.94,FR,1655896900
Burjuc,45.9522,22.4867,77.74,27,47,8.81,RO,1655896900
Cidreira,-30.1811,-50.2056,61.84,93,78,5.55,BR,1655896901
Uyuni,-20.4597,-66.825,28.81,26,21,11.41,BO,1655896901
Abu Dhabi,24.4667,54.3667,113.02,12,0,10.36,AE,1655896606
Airai,-8.9266,125.4092,56.89,87,99,4.18,TL,1655896902
Sioux Lookout,50.1001,-91.917,50.07,93,75,5.75,CA,1655896902
Nouadhibou,20.931,-17.0347,80.58,65,13,9.22,MR,1655896905
Tanete,-3.9443,119.7848,76.71,88,100,8.14,ID,1655896906
Huilong,31.8111,121.655,85.21,66,72,9.17,CN,1655896906
Kipini,-2.5257,40.5262,82.69,72,35,22.44,KE,1655896906
Ampanihy,-24.7,44.75,71.37,46,63,14.63,MG,1655896907
Jemnice,49.019,15.5699,77.23,49,63,8.05,CZ,1655896908
Boli,45.7667,130.5167,72.48,61,98,6.6,CN,1655896908
Boca do Acre,-8.7522,-67.3978,70.0,91,29,0.04,BR,1655896908
Makakilo City,21.3469,-158.0858,75.52,78,0,8.05,US,1655896908
Zhanakorgan,43.9098,67.2495,97.38,13,73,14.14,KZ,1655896909
Lixouri,38.2019,20.4314,87.8,62,0,13.8,GR,1655896910
Miquelon,47.0975,-56.3814,51.8,86,57,6.04,PM,1655896910
Champerico,14.3,-91.9167,74.39,91,100,1.61,GT,1655896910
Kushiro,42.975,144.3747,56.35,94,75,6.91,JP,1655896911
Arman',59.7,150.1667,46.02,97,100,5.44,RU,1655896911
Nhulunbuy,-12.2333,136.7667,77.61,69,40,14.97,AU,1655896911
Talara,-4.5772,-81.2719,63.16,82,56,16.37,PE,1655896912
Sadovoye,47.7764,44.5089,90.75,23,100,8.88,RU,1655896912
Cedar City,37.6775,-113.0619,60.4,25,0,4.61,US,1655896915
Wahiawā,21.5028,-158.0236,73.72,81,100,0.0,US,1655896915
Saint-Augustin,51.226,-58.6502,49.08,76,98,4.36,CA,1655896915
Deputatsky,69.3,139.9,44.29,88,100,9.26,RU,1655896915
Jishou,28.3167,109.7167,82.76,83,74,7.02,CN,1655896916
Symington,55.6018,-3.5953,63.91,78,98,10.09,GB,1655896916
Fenoarivo,-18.933,47.4354,64.47,45,20,13.8,MG,1655896917
Cangzhou,38.3167,116.8667,91.22,40,92,7.85,CN,1655896917
Talnakh,69.4865,88.3972,85.21,26,73,13.42,RU,1655896919
Lima,-12.0432,-77.0282,59.25,88,100,5.75,PE,1655896920
Chortomlyk,47.6232,34.142,69.39,44,62,16.37,UA,1655896920
Barra Patuca,15.8,-84.2833,77.7,84,100,5.35,HN,1655896921
Chiang Khong,20.2613,100.4046,79.25,90,99,1.97,TH,1655896878
Copiapó,-27.3667,-70.3333,51.49,80,23,3.49,CL,1655896924
Marsaxlokk,35.8419,14.5431,86.61,48,20,12.66,MT,1655896924
Arcata,40.8665,-124.0828,50.61,93,0,3.44,US,1655896924
Tautira,-17.7333,-149.15,78.31,75,24,10.94,PF,1655896924
Aras,42.5617,-2.356,73.81,36,20,3.44,ES,1655896925
Tabas,33.5959,56.9244,102.47,8,1,8.9,IR,1655896925
Oranjemund,-28.55,16.4333,57.76,72,4,5.35,NA,1655896811
Katherine,-14.4667,132.2667,71.92,43,0,5.75,AU,1655896804
The Pas,53.8251,-101.2541,57.22,77,0,6.91,CA,1655896926
Sapa,5.1544,120.3241,81.64,75,42,5.44,PH,1655896927
Wuning,29.2589,120.2311,78.6,90,57,3.83,CN,1655896927
Udachny,66.4167,112.4,84.45,28,28,8.7,RU,1655896927
Konstantinovskiy,57.8301,39.5899,69.51,44,35,9.71,RU,1655896928
Sohag,26.557,31.6948,95.4,16,0,20.38,EG,1655896928
Santa Maria,-29.6842,-53.8069,56.5,100,100,5.75,BR,1655896928
Amontada,-3.3617,-39.8317,77.5,69,50,5.14,BR,1655896929
Payyanur,12.1,75.2,81.73,75,96,4.81,IN,1655896929
Potsdam,52.3989,13.0657,85.12,29,15,2.51,DE,1655896930
Finspång,58.7058,15.7674,66.72,53,47,8.68,SE,1655896930
Antalaha,-14.9003,50.2788,75.04,60,71,14.63,MG,1655896933
Bantry,51.6833,-9.45,65.79,63,60,0.78,IE,1655896933
Miles City,46.4083,-105.8406,52.77,87,0,6.91,US,1655896934
Otradnoye,59.7775,30.8181,68.09,35,9,7.0,RU,1655896937
Roald,62.5833,6.1333,60.91,58,75,14.97,NO,1655896937
Izhma,65.0083,53.9113,59.7,59,100,10.78,RU,1655896938
Leningradskiy,69.3833,178.4167,34.45,72,38,5.88,RU,1655896938
Kungurtug,50.5994,97.5228,72.07,30,71,11.25,RU,1655896938
Kimbe,-5.5502,150.1429,76.19,92,54,4.41,PG,1655896938
Zhenhaicun,24.2582,118.0905,83.08,88,59,10.67,CN,1655896939
Owasso,36.2695,-95.8547,75.56,91,40,3.44,US,1655896939
Mahibadhoo,3.7833,72.9667,84.2,71,84,11.01,MV,1655896940
Bougouni,11.417,-7.479,89.42,48,38,4.29,ML,1655896940
Znamenskoye,57.1281,73.8282,63.07,88,93,11.34,RU,1655896940
Rawson,-43.3002,-65.1023,31.73,63,0,8.39,AR,1655896940
São Pedro do Sul,-29.6206,-54.1789,56.05,99,100,5.61,BR,1655896941
Ashland,40.8167,-82.2665,75.22,70,26,10.04,US,1655896941
San Quintín,30.4833,-115.95,66.81,78,14,6.73,MX,1655896941
Bishoftu,8.75,38.9833,82.96,26,80,7.34,ET,1655896942
City of San Pedro,14.35,121.0167,83.43,78,75,5.75,PH,1655896943
Lidzbark Warmiński,54.1259,20.5795,68.86,59,30,7.07,PL,1655896943
Bacolod City,10.6667,122.95,80.1,84,100,4.07,PH,1655896745
Tuburan,6.6439,122.2736,82.13,75,62,1.19,PH,1655896943
Umluj,25.0213,37.2685,84.31,53,0,20.67,SA,1655896944
Puerto Limón,10.0,-83.0333,74.61,86,100,6.31,CR,1655896944
Mabaruma,8.2,-59.7833,73.38,98,86,2.24,GY,1655896947
Kloulklubed,7.0419,134.2556,77.5,65,90,4.56,PW,1655896947
Hamilton,39.1834,-84.5333,73.99,86,0,5.75,US,1655896820
Xifeng,42.7372,124.7222,67.75,99,100,1.66,CN,1655896948
Sechura,-5.5569,-80.8222,61.7,83,24,10.02,PE,1655896951
Camacha,33.0833,-16.3333,65.62,68,75,16.11,PT,1655896951
Sabha,27.0377,14.4283,98.96,13,0,3.2,LY,1655896951
Jalu,29.0331,21.5482,93.52,19,0,5.77,LY,1655896952
Shīeli,44.1667,66.75,97.48,16,42,11.86,KZ,1655896952
Puerto del Rosario,28.5004,-13.8627,73.15,60,20,14.97,ES,1655896953
Poronaysk,49.2167,143.1167,47.25,95,69,9.57,RU,1655896953
Elko,41.0002,-115.5012,51.22,48,0,7.49,US,1655896956
Karratha,-20.7377,116.8463,75.6,55,0,7.72,AU,1655896717
Moba,33.2288,105.0179,60.55,95,100,4.68,CN,1655896957
Sonāmura,23.4719,91.2664,89.6,80,84,10.8,IN,1655896957
Adolfo López Mateos,28.4667,-107.3,55.92,85,96,3.76,MX,1655896957
Alice Springs,-23.7,133.8833,49.55,66,0,5.75,AU,1655896807
Hirara,24.8,125.2833,82.67,89,20,6.91,JP,1655896734
Sompeta,18.9333,84.6,84.34,78,90,12.97,IN,1655896958
Nelson Bay,-32.7167,152.15,53.01,92,1,3.0,AU,1655896958
Jerez,14.1,-89.75,63.36,98,85,3.24,GT,1655896959
Palmer,42.1584,-72.3287,60.62,84,100,0.0,US,1655896959
Trat,12.5,102.5,85.87,83,100,6.64,TH,1655896837
Chake Chake,-5.2459,39.7666,78.8,72,19,17.4,TZ,1655896962
Pasni,25.2631,63.471,84.67,82,4,12.37,PK,1655896962
Belaya Gora,68.5333,146.4167,54.09,87,100,7.67,RU,1655896963
Mishelevka,52.8575,103.1719,71.83,49,65,4.29,RU,1655896963
Villaviciosa,43.4813,-5.4357,69.6,77,62,3.6,ES,1655896964
Mattru,7.6244,-11.8332,79.14,81,99,1.63,SL,1655896964
Christchurch,-43.5333,172.6333,41.92,87,75,1.99,NZ,1655896820
Kutiyāna,21.6233,69.9817,94.84,41,5,14.79,IN,1655896967
San Benito,36.6166,-121.0844,57.87,26,2,3.04,US,1655896967
Bandarbeyla,9.4942,50.8122,91.47,45,95,28.5,SO,1655896968
